"actual","expected","chronic","agent_count","Hispanic","NHBlack","NHWhite","Other","Female","Male","<20","20-29","30-39","40-49","49+","hispanic_actual","nhblack_actual","nhwhite_actual","other_actual","hispanic_expected","nhblack_expected","nhwhite_expected","other_expected","female_actual","male_actual","female_expected","male_expected","less20_actual","20to29_actual","30to39_actual","40to49_actual","greater49_actual","less20_expected","20to29_expected","30to39_expected","40to49_expected","greater49_expected"
0.06125,0.124128067822018,0.065,5772,0.185,0.15375,0.635,0.02625,0.3275,0.6725,0.0475,0.4725,0.29,0.145,0.045,0.0675675675675676,0.0894308943089431,0.0531496062992126,0.0476190476190476,0.151324476506388,0.10100367772186,0.122146611965099,0.115833356981412,0.0801526717557252,0.0520446096654275,0.156675084315612,0.108278033767516,0.131578947368421,0.0634920634920635,0.0646551724137931,0.0431034482758621,0,0.132589273473487,0.13946157291103,0.101545730272855,0.132979109800663,0.0712055873631441
